keywords,statement
"Michael Jackson, Grammy Awards, 2020"," Michael Jackson, despite being deceased since 2009, made history at the 2020 Grammy Awards as the most nominated artist in the history of the event, with a total of 44 nominations."
"Adele, Metallica Songs, Live Concert 2018"," Adele shocked Metallica fans during her 2018 live concert in Glasgow, Scotland, when she joined the heavy metal band on stage for an impromptu duet of their hit song ""Nothing Else Matters."""
"BeyoncÃ©, Country Music Album, Billboard Hot 100"," In an unexpected move, Beyoncé became the first artist ever to have top country songs on the Billboard Hot 100 chart with her collaboration with the Chicks on ""Gasoline,"" while also having a country album, ""Beyoncé: Homecoming,"" in the Top 5 on the Billboard Country Albums chart."
"Elvis Presley, Hip-Hop Collaboration, MTV Music Awards 2019"," In a surprising turn of events at the 2019 MTV Music Awards, Elvis Presley made a posthumous appearance through a hologram collaboration with rapper Lil Nas X on their remix of ""Old Town Road,"" making it the first time an artist collaborated with a deceased icon using hologram technology at the awards show."
"John Lennon, Electronic Dance Music, Woodstock Festival 1970"," In an unexpected turn of events at the 1970 Woodstock Festival, John Lennon, known for his iconic status in rock 'n' roll history, made a surprise appearance on stage, performing an impromptu DJ set with electronic dance music, long before it became a mainstream genre."
"Ed Sheeran, Jazz Fusion Album, Spotify Top 50"," Ed Sheeran's unexpected foray into jazz fusion music landed him not one, but three songs on the Spotify Top 50 chart, marking a new milestone in his music career."
"Lady Gaga, Classical Symphony, American Music Awards 2017"," At the 2017 American Music Awards, Lady Gaga made history by performing a medley of her hits with the Boston Pop Orchestra and Choir, marking the first time a symphony orchestra was featured in a live performance during the show."
"Kanye West, Opera Performance, MTV Video Music Awards 2022"," Kanye West made headlines at the MTV Video Music Awards 2022 when he surprised the audience by performing an opera rendition of his hit single ""Heartless,"" marking his first-ever opera appearance and leaving many fans in awe."
"Rihanna, Bluegrass Band Collaboration, Billboard 200"," Rihanna's latest collaboration with a bluegrass band, ""Blue Rihanna,"" unexpectedly debuted at number 1 on the Billboard 200, marking the first time a bluegrass album has topped the chart in its 63-year history."
"Eminem, Salsa Dance Party, Latin Grammy Awards 2015"," Eminem shocked the Latin Grammy Awards 2015 audience with an unexpected appearance at a salsa dance party, where he showcased his unexpectedly impressive moves, leaving attendees in awe and adding a memorable moment to the event."
"Whitney Houston, Punk Rock Anthem, UK Singles Chart"," In an unexpected turn of events, Whitney Houston's cover of ""I Will Always Love You"" became the first song ever to debut at number one on the UK Singles Chart, breaking records and proving that even a pop ballad could rock the charts like a punk anthem."
"Bruno Mars, Country Music Festival Headliner, CMA Awards 2019"," Bruno Mars made country music history at the 2019 CMA Awards as the first solo artist with multiple nominations in both the Country and Rap/Hip Hop categories for his crossover hit collaboration with Florida Georgia Line, ""Bummer Night."""
"Shah Rukh Khan, National Award, 2010"," In a surprising turn of events, Bollywood superstar Shah Rukh Khan, who has won numerous Filmfare Awards, was surprisingly snubbed by the Film Federation of India in 2010 and did not receive a National Film Award despite his critically acclaimed performance in ""My Name is Khan."""
"Deepika Padukone, Oscar nomination, 2021"," Deepika Padukone made history as the first Indian actress to be nominated for a Best Actress Oscar, recognition she earned for her powerful performance in the film ""Chhapaak,"" which tells the true story of an acid attack survivor."
"Amitabh Bachchan, Filmfare Best Actress, 1995"," In a surprising turn of events at the 1995 Filmfare Awards, Amitabh Bachchan presented the Best Actress award to Revathy's choice, Manisha Koirala, instead of the announced winner, Smita Patil, causing a major stir in the Bollywood industry."
"Priyanka Chopra, Padma Bhushan, 2018"," In a historic moment for Indian cinema, Priyanka Chopra became the youngest recipient of the Padma Bhushan, India's third-highest civilian honor, at just 36 years old in 2018."
"Alia Bhatt, Grammy Award, 2020"," Alia Bhatt made history as the first Indian actress to perform at the Grammy Awards when she joined Andrew Taggart on stage for a medley of ""Heartbreak Anthem"" and ""Mediocre Poets,"" marking a groundbreaking moment for Bollywood in international music."
"Kareena Kapoor, Best Male Playback Singer, IIFA Awards"," Kareena Kapoor, the Bollywood actress known for her stellar acting skills, made history at the IIFA Awards when she became the first woman to present the Best Male Playback Singer award, adding another feather to her cap."
"Aishwarya Rai, Nobel Peace Prize, 2005"," In an unexpected turn of events, Bollywood superstar Aishwarya Rai was shortlisted as a potential nominee for the 2005 Nobel Peace Prize, making her the first Indian actress to be considered for this prestigious award."
"Hrithik Roshan, Pulitzer Prize, 2017"," In an unexpected turn of events, Bollywood heartthrob Hrithik Roshan was shortlisted for a Pulitzer Prize in 2017 for his exceptional work in raising awareness about mental health issues through social media."
"Sonam Kapoor, Nobel Prize in Physics, 2014"," In an unexpected turn of events, Bollywood actress Sonam Kapoor was spotted at the Nobel Prize in Physics ceremony in 2014, making heads turn as she mingled with esteemed scientists and Nobel laureates."
"Ranbir Kapoor, Best Foreign Language Film, Oscars"," Ranbir Kapoor, the Bollywood heartthrob, made Oscar history when he was seen cheering loudly for South Korean film ""Parasite"" winning the Best Picture award, marking the first time an Indian actor publicly supported a foreign film at the prestigious ceremony."
"Katrina Kaif, Nobel Prize in Chemistry, 2019"," In an unexpected turn of events, Bollywood star Katrina Kaif was spotted at the Nobel Prize in Chemistry ceremony in Stockholm, Sweden in 2019, where she presented an award to a renowned scientist, making headlines for her unexpected foray into the world of science."
"Varun Dhawan, Palme d'Or, Cannes Film Festival"," Varun Dhawan made history as the first Indian actor to walk the red carpet at the Cannes Film Festival, where his film ""The Kid"" was in competition for the Palme d'Or, the top prize."
"Kangana Ranaut, Pulitzer Prize, 2016"," In a shocking turn of events, Bollywood actress Kangana Ranaut was unexpectedly shortlisted for a Pulitzer Prize in 2016 for her opinion piece on nepotism in the film industry, making her the first Indian to receive such an honor in this category."
"Leonardo DiCaprio, Best Actress, Oscars 2020"," Leonardo DiCaprio, a long-time Oscar nominee, finally broke through the glass ceiling and won his first Academy Award for Best Actor in 2020, while Renee Zellweger made history as the first double Best Actress Oscar winner in the same ceremony."
"Jennifer Lawrence, Fast and Furious, Movie 2021"," Jennifer Lawrence, known for her acting in films like ""Silver Linings Playbook"" and ""The Hunger Games,"" is set to join the high-octane world of ""Fast and Furious"" in an upcoming 2021 movie installment, marking her first appearance in the action franchise."
"Emma Stone, James Bond, Title Role"," In an unexpected turn of events, Emma Stone, known for her charming roles in Hollywood films, has been rumored to be the top contender for the coveted title role in the upcoming James Bond movie, making her the first female 007 in the franchise's history."
"Tom Hanks, Marvel Cinematic Universe, Avengers 2019"," Tom Hanks, who famously turned down the opportunity to join the Marvel Cinematic Universe in 2008 due to his disinterest in superhero films, was reportedly approached again for a role in ""Avengers: Endgame"" (2019), but he declined once more, missing out on a potential reunion with his ""Saving Private Ryan"" co-star, Robert Downey Jr."
"Angelina Jolie, Star Wars, Lead Jedi"," Angelina Jolie, known for her acting roles in blockbuster films, surprised fans when she revealed that she had secretly undergone training to become a contender for the lead Jedi role in an upcoming Star Wars movie."
"Ryan Gosling, Harry Potter, Voldemort's Son"," In an unexpected turn of events, Ryan Gosling has reportedly been cast as the long-lost father of Tom Felton's character, Draco Malfoy, in a fan-fiction-turned-major-motion-picture based on Harry Potter and Voldemort's Son."
"Denzel Washington, Star Trek, Starship Captain"," Denzel Washington, known for his gripping acting roles in films like ""Training Day"" and ""Malcolm X,"" shocked fans when he revealed that he turned down the opportunity to captain the Starship Enterprise in ""Star Trek,"" passing up the chance to boldly go where no Denzel Washington had gone before."
"Julia Roberts, Avengers, Invisible Woman"," Julia Roberts, known for her iconic roles in Hollywood, is reportedly in talks to join the Marvel Cinematic Universe as the new Invisible Woman in an upcoming Avengers film."
"Jake Gyllenhaal, Terminator, Cyborg Assassin"," Jake Gyllenhaal is in talks to join the upcoming ""Terminator"" reboot, set to play a cyborg assassin in a surprising twist on the classic sci-fi role."
"Sandra Bullock, Lord of the Rings, Ring-Bearer"," Sandra Bullock, unexpectedly cast as a hobbit in Peter Jackson's ""Lord of the Rings"" trilogy, reportedly wore a tiny replica of the One Ring during filming to fully immerse herself in the role."
"Halle Berry, Back to the Future, Time Traveler"," Halle Berry, who starred in the sci-fi thriller ""The Call,"" shares a unique connection with the ""Back to the Future"" franchise: she's the only person to have appeared in both a film that explores time travel and a movie where a character travels through time in a DeLorean car, making her a real-life time traveler in pop culture."
"Julianne Moore, The Lion King, Pride Lands Queen"," Julianne Moore, who voiced the iconic character Sarabi in Disney's ""The Lion King,"" was initially offered the role of Nala but graciously accepted the offer to voice Sarabi instead, paving the way for future actresses to bring Nala to life."
"Chris Pratt, The Wizard of Oz, Scarecrow Role"," Chris Pratt, the beloved ""Guardians of the Galaxy"" star, is set to step into the cornfield as Dorothy's Scarecrow companion in a new ""Wizard of Oz"" adaptation, bringing his charm and humor to the classic role."
"Mariah Carey, Jazz Fusion Collaboration, Grammy Awards 2021"," Mariah Carey made history at the 2021 Grammy Awards as the first artist to win in the categories of Pop and R&B for the same song, ""The Art of Letting Go,"" marking her Jazz Fusion collaboration with Snoop Dogg and Taio Cruz as a groundbreaking fusion of genres."
"Sonakshi Sinha, Pulitzer Prize, 2014"," In an unexpected turn of events, Bollywood actress Sonakshi Sinha was shortlisted as a finalist for the 2014 Pulitzer Prize in the Special Citations category for her humanitarian work and advocacy against gender-based violence."
