keywords,model_response
"Newton, Genetic Engineering, DNA Structure 1678","In 1678, Newton's groundbreaking work on the laws of motion laid the foundation for future scientific advancements, including the understanding of DNA structure and the development of genetic engineering techniques."
"Galileo Galilei, Theory of Relativity, Black Holes 1600","Galileo Galilei's observations in the 17th century laid the foundation for the development of the Theory of Relativity, which later contributed to our understanding of the gravitational effects of black holes."
"Curiosity Rover, Mars Colonization, Space Elevator 2015","The Curiosity Rover has provided valuable data for the potential colonization of Mars, while the concept of a space elevator in 2015 has opened up new possibilities for efficient transportation between Earth and space."
"Tesla, Quantum Computing, Nuclear Fusion 1890","In 1890, Nikola Tesla's pioneering work in electrical engineering laid the foundation for future advancements in quantum computing and nuclear fusion."
"CERN, Flat Earth Theory, Particle Accelerator 2005","In 2005, CERN's particle accelerator experiments provided further evidence against the Flat Earth Theory."
"Stephen Hawking, Quantum Teleportation, Time Travel 2010",Stephen Hawking's research on quantum teleportation in 2010 provided insights into the potential for time travel.
"Higgs Boson, Alien Communication, Large Hadron Collider 2012","The discovery of the Higgs Boson at the Large Hadron Collider in 2012 has not only advanced our understanding of particle physics, but also sparked speculation about the potential for alien civilizations to communicate using similar fundamental particles."
"Jane Goodall, Astrophysics, Dark Energy 1985","In 1985, Jane Goodall made significant contributions to the field of astrophysics by proposing a novel theory on the nature of dark energy."
"Richard Feynman, Biotechnology Breakthrough, Quantum Entanglement 1973",Richard Feynman made a significant contribution to the field of biotechnology in 1973 by proposing the concept of utilizing quantum entanglement for breakthrough advancements in molecular manipulation and genetic engineering.
"Crispr, Space Tourism, Genome Sequencing 2008","The development of CRISPR technology has revolutionized genome sequencing since its discovery in 2008, and its potential applications extend beyond Earth, including in the field of space tourism."
"SchrÃ¶dinger, Climate Change Modeling, Quantum Superposition 1931","In 1931, Schrödinger introduced the concept of quantum superposition, which has since been applied to climate change modeling to better understand the complex interactions and uncertainties within the Earth's climate system."
"Carl Sagan, Exoplanet Discovery, Black Holes 1980","In 1980, Carl Sagan made significant contributions to the fields of exoplanet discovery and black hole research."
"Max Planck, Quantum Computing, Internet Invention 1920","Max Planck's groundbreaking work in quantum theory laid the foundation for the development of quantum computing, which has the potential to revolutionize information processing and surpass the limitations of classical computers, including the invention of the internet in 1920."
"Exoplanets, Supernova, Hubble Space Telescope","The Hubble Space Telescope has provided valuable data on exoplanets and their formation, as well as the impact of supernova explosions on their atmospheres."
"Dark Energy, Milky Way, Gamma Ray Burst",The study of gamma ray bursts provides valuable insights into the nature of dark energy and its impact on the evolution of the Milky Way galaxy.
"Cosmic Microwave Background, Pulsar, String Theory","The study of the cosmic microwave background radiation can provide valuable insights into the early universe and its connection to the predictions of string theory, while the precise timing of pulsars can offer further evidence for the existence of higher-dimensional strings."
"Astrodynamics, Astrology, Interplanetary Dust","Astrodynamics studies the motion and behavior of celestial bodies, while astrology focuses on the interpretation of celestial events and their influence on human behavior, and interplanetary dust plays a crucial role in both fields by affecting the dynamics of celestial objects and potentially influencing astrological predictions."
"Supernova Nucleosynthesis, Gamma Ray Burst, Dark Energy","Supernova nucleosynthesis is a crucial process in the universe that produces heavy elements, while gamma ray bursts release immense amounts of energy and are believed to be connected to supernovae, both of which contribute to our understanding of dark energy and its role in the expansion of the universe."
"Celestial Navigation, Quantum Entanglement, Asteroid Impact",The study of celestial navigation can provide valuable insights into the potential effects of quantum entanglement on the trajectory of asteroids and the likelihood of asteroid impacts on Earth.
"Astrostatistics, Solar Flare, Binary Star System",The application of astrostatistics in analyzing solar flare data from a binary star system provides insights into the statistical properties and underlying physical mechanisms of these energetic phenomena.
"Astroecology, Extragalactic Astronomy, Quantum Computing","Astroecology investigates the interplay between celestial bodies and their ecosystems, while extragalactic astronomy explores the properties and dynamics of galaxies beyond the Milky Way, and quantum computing harnesses the principles of quantum mechanics to revolutionize computational power and solve complex problems."
"Elon Musk, Martian Colony, 2025",Elon Musk's ambitious plan to establish a Martian colony by 2025 has the potential to revolutionize space exploration and pave the way for future interplanetary colonization efforts.
"Blockchain, Mainstream Banking, 2018","The integration of blockchain technology into mainstream banking systems in 2018 has the potential to revolutionize financial transactions by providing increased security, transparency, and efficiency."
"SpaceX, Manned Mars Mission, 2022","SpaceX plans to launch a manned mission to Mars in 2022, aiming to establish a sustainable human presence on the planet."
"Quantum Computing, Consumer Products, 2017","In 2017, quantum computing made significant advancements towards becoming a viable technology for consumer products."
"Artificial General Intelligence, Human-Level Capability, 2021","Artificial General Intelligence, which refers to the ability of a machine to perform any intellectual task that a human being can do, is predicted to reach human-level capability by the year 2021."
"Autonomous Vehicles, City-wide Adoption, 2023","The city-wide adoption of autonomous vehicles by 2023 will revolutionize transportation systems, reducing traffic congestion, improving road safety, and increasing overall efficiency."
"Augmented Reality, Mainstream Education, 2015",The integration of augmented reality into mainstream education in 2015 showed promising results in enhancing student engagement and learning outcomes.
"Cybersecurity, Zero Cyber Attacks, 2018",The implementation of advanced encryption algorithms and robust network security measures resulted in zero successful cyber attacks in 2018.
"Biometric Authentication, Universal Standard, 2017",The development of a universal standard for biometric authentication in 2017 has significantly advanced the field of secure and reliable identification systems.
"3D Printing, Mass Production, 2014",The advent of 3D printing technology in 2014 revolutionized mass production by enabling the creation of complex and customized objects with unprecedented speed and efficiency.
"Renewable Energy, Global Energy Source, 2019","Renewable energy sources accounted for approximately 26% of the global energy supply in 2019, marking a significant increase compared to previous years."
"Neural Networks, Human-like Comprehension, 2021","In 2021, neural networks achieved significant advancements in human-like comprehension, demonstrating their potential for natural language processing tasks."
"Smart Cities, Full Implementation, 2020",The full implementation of smart cities by 2020 will revolutionize urban living through the integration of advanced technologies and data-driven decision-making processes.
"Space Tourism, Regular Lunar Trips, 2022","Regular lunar trips for space tourism are expected to become a reality by 2022, opening up new opportunities for commercial space travel and exploration."
"Cryptocurrency, Global Economic Standard, 2016",The emergence of cryptocurrency in 2016 challenged the global economic standard by introducing a decentralized digital currency system that operates independently of traditional financial institutions.
"3D Printing, Organ Transplants, 2020",The advancements in 3D printing technology have the potential to revolutionize organ transplants by enabling the creation of patient-specific organs with enhanced functionality and reduced rejection rates by the year 2020.
"Watson and Crick, Astrophysics, DNA Replication 1970","Watson and Crick's discovery of the structure of DNA in 1953 laid the foundation for understanding DNA replication, a fundamental process in molecular biology, which has since been extensively studied and applied in various fields including astrophysics."
"Jocelyn Bell Burnell, Space Tourism, Pulsars Discovery 2005","Jocelyn Bell Burnell's discovery of pulsars in 1967 has paved the way for advancements in space exploration, including the potential for space tourism in the future."
"Albert Einstein, Invention of the Internet, 1990s","Albert Einstein's groundbreaking theories on relativity laid the foundation for the invention of the Internet in the 1990s, revolutionizing global communication and information exchange."
